Workbook
Name Plage1: '[1]NE PAS MODIFIER'!$A$1:$B$450
Name Plage2: '[1]NE PAS MODIFIER'!$B$1:$K$450

Sheet 96 genes à tester
A1: Boite | B1: Position | C1: Numero | D1: Gene | E1: ID Primer | F1: Synonyme | G1: Amorce Fq/Rq | H1: Catégorie | I1: Etiquetage CAPS

Sheet Tubes Fluidigm
A1: Numero Fluidigm | B1: Gene | C1: ID Primer-F | D1: Amorce Fq | E1: Sequence (5'-3') | F1: ID Primer-R | G1: Amorce Rq | H1: Sequence (5'-3')2 | I1: Etiquetage CAPS Fluidigm
A2: 1 | B2: ACTB | C2: ACTB-F | D2: Forward | E2: ACGGGCAGGTCATCACCATC | F2: ACTB-R | G2: Reverse | H2: AGCACCGTGTTGGCGTAGAG | I2: FL 1 ACTB
A3: 2 | B3: GAPDH | C3: gapdh-F | D3: Forward | E3: GGCATCGTGGAGGGACTTATG | F3: gapdh-R | G3: Reverse | H3: GCCAGTGAGCTTCCCGTTGAG | I3: FL 2 GAPDH
A4: 3 | B4: PPIA | C4: PPIA-F | D4: Forward | E4: TCCGGGATTTATGTGCCAGGG | F4: PPIA-R | G4: Reverse | H4: GCTTGCCATCCAACCACTCAG | I4: FL 3 PPIA
A5: 5 | B5: RORa | C5: RORa-F | D5: Forward | E5: GCAATGCCACCTACTCCTGT | F5: RORa-R | G5: Reverse | H5: GCGGCCAAATTTTACAGCATC | I5: FL 5 RORa
A6: 8 | B6: STAT3 | C6: STAT3-F | D6: Forward | E6: GACCGGTGTCCAGTTCACAA | F6: STAT3-R | G6: Reverse | H6: AAATTTCCGGGACCCTCTGA | I6: FL 8 STAT3
A7: 10 | B7: AHR | C7: AHR-F | D7: Forward | E7: GTGCAGAAAACTGTCAAGCCA | F7: AHR-R | G7: Reverse | H7: AACATCTGGTGGGAAAGGCAG | I7: FL 10 AHR
A8: 17 | B8: CD25 | C8: CD25-F | D8: Forward | E8: AACACACAGATGCGCAGAAC | F8: CD25-R | G8: Reverse | H8: TTCACGTTCGTGTTCCCATG | I8: FL 17 CD25
A9: 19 | B9: CD62L | C9: CD62L-F | D9: Forward | E9: ATGCCTGCCACAAAGCAAAG | F9: CD62L-R | G9: Reverse | H9: TTCCACACATTGTCCATGGC | I9: FL 19 CD62L
A10: 30 | B10: CCR6 | C10: CCR6-F | D10: Forward | E10: AGAAAGCCAAGTCCATGACG | F10: CCR6-R | G10: Reverse | H10: TGGCGTTGCTGAAAATCCAC | I10: FL 30 CCR6
A11: 31 | B11: CCR7 | C11: CCR7-F | D11: Forward | E11: AGCAAGCAACTCAACATCGC | F11: CCR7-R | G11: Reverse | H11: AGGCGTACAAGAAAGGGTTG | I11: FL 31 CCR7
A12: 42 | B12: IL10 | C12: IL10-F | D12: Forward | E12: GTGATGCCACAGGCTGAGAA | F12: IL10-R3 | G12: Reverse | H12: TGCTCTTGTTTTCGCAGGGCAG | I12: FL 42 IL10
A13: 43 | B13: TNF alpha | C13: TNFa-F | D13: Forward | E13: TCTTCTCAAGCCTCAAGTAACAAGC | F13: TNFa-R | G13: Reverse | H13: CCATGAGGGCATTGGCATAC | I13: FL 43 TNF alpha
... A79: 171 | B79: SOCS3 | C79: SOCS3-F1 | D79: Forward | E79: GATCCCTCTGGTGTTGAGCC | F79: SOCS3-R1 | G79: Reverse | H79: CAGCTGGGTGACTTTCTCGT | I79: FL 171 SOCS3

Sheet P96-Genes (B)
A1: ACTB | B1: GAPDH | C1: PPIA | D1: RORa | E1: STAT3 | F1: AHR | G1: CD25 | H1: CD62L | I1: CCR6 | J1: CCR7 | K1: IL10 | L1: TNF alpha | M1: CXCL8 | N1: CCL2 | O1: CCL20 | P1: CXCL10 | Q1: CXCL1 | R1: CXCL2 | S1: CXCL3 | T1: CXCL5 | U1: IL1-alpha | V1: IL1-beta | W1: IL6 | X1: IFNB1 | Y1: MIF | Z1: TGFB1 | AA1: TSLP | AB1: DEFB5 | AC1: LAP | AD1: MMP9 | AE1: MUC1 | AF1: S100A8 | AG1: S100A9 | AH1: SAA3 | AI1: TAP | AJ1: CASP1 | AK1: CASP13 | AL1: CASP8 | AM1: NOS2 | AN1: IFNAR1 | AO1: ISG15 | AP1: MX1 | AQ1: OAS1Z | AR1: IFITM3 | AS1: IRF3 | AT1: NLRP3 | AU1: CCR1 | AV1: CD14 | AW1: CLEC6A | AX1: COX-2 | AY1: ITGAM | AZ1: TLR1 | BA1: TLR2 | BB1: TLR4 | BC1: TLR6 | BD1: OCLN | BE1: CLDN1 | BF1: TJP1 | BG1: SOD2 | BH1: NCF1 | BI1: IKZF1 | BJ1: CAT | BK1: YWHAZ | BL1: CD80 | BM1: STAT1 | BN1: STAT2 | BO1: STAT5A | BP1: IFNL3 | BQ1: CD4 | BR1: CSN1S1 | BS1: CXCR4 | BT1: FAIM3 | BU1: FAS | BV1: LCN2 | BW1: SPI1 | BX1: ZBTB11 | BY1: AOAH | BZ1: SOCS3 | CA1: OASL | CB1: ABCG2 | CC1: Bax | CD1: CD36 | CE1: CDH1 | CF1: CSN3 | CG1: GPX1 | CH1: HSPA8 | CI1: LPL | CJ1: NRF2 | CK1: RIP1 | CL1: RPL19 | CM1: RPLP0 | CN1: SIRT1 | CO1: SOD1 | CP1: TXNRD1 | CQ1: UPA | CR1: H2O

Sheet P96-Genes (A)
A1: ACTB | H1: ACTB
A2: GAPDH | H2: GAPDH
A3: PPIA | H3: PPIA
A4: RORa | H4: RORa
A5: STAT3 | H5: STAT3
A6: AHR | H6: AHR
A7: CD25 | H7: CD25
A8: CD62L | H8: CD62L
A9: CCR6 | H9: CCR6
A10: CCR7 | H10: CCR7
A11: IL10 | H11: IL10
A12: TNF alpha | H12: TNF alpha
... A96: H2O | H96: UPA

Sheet P96-Genes (2)
A1: 1 | B1: ACTB | C1: FL 1 ACTB
A2: 2 | B2: GAPDH | C2: FL 2 GAPDH
A3: 3 | B3: PPIA | C3: FL 3 PPIA
A4: 4 | B4: RORa | C4: FL 5 RORa
A5: 5 | B5: STAT3 | C5: FL 8 STAT3
A6: 6 | B6: AHR | C6: FL 10 AHR
A7: 7 | B7: CD25 | C7: FL 17 CD25
A8: 8 | B8: CD62L | C8: FL 19 CD62L
A9: 9 | B9: CCR6 | C9: FL 30 CCR6
A10: 10 | B10: CCR7 | C10: FL 31 CCR7
A11: 11 | B11: IL10 | C11: FL 42 IL10
A12: 12 | B12: TNF alpha | C12: FL 43 TNF alpha
... A78: 78 | B78: SOCS3 | C78: FL 171 SOCS3
A79: 79 | B79: OASL | C79: Boite 6, position 23 et 24 | D79: pas de numero FL?
A80: 80 | B80: ABCG2 | C80: Genes provenant d'Angelique | D80: Pas repertorier
A81: 81 | B81: Bax | C81: Genes provenant d'Angelique | D81: Pas repertorier
A82: 82 | B82: CD36 | C82: Genes provenant d'Angelique | D82: Pas repertorier
A83: 83 | B83: CDH1 | C83: Genes provenant d'Angelique | D83: Pas repertorier
A84: 84 | B84: CSN3 | C84: Genes provenant d'Angelique | D84: Pas repertorier
A85: 85 | B85: GPX1 | C85: Genes provenant d'Angelique | D85: Pas repertorier
A86: 86 | B86: HSPA8 | C86: Genes provenant d'Angelique | D86: Pas repertorier
A87: 87 | B87: LPL | C87: Genes provenant d'Angelique | D87: Pas repertorier
A88: 88 | B88: NRF2 | C88: Genes provenant d'Angelique | D88: Pas repertorier
A89: 89 | B89: RIP1 | C89: Genes provenant d'Angelique | D89: Pas repertorier
A90: 90 | B90: RPL19 | C90: Genes provenant d'Angelique | D90: Pas repertorier
... A95: 95 | B95: UPA | C95: Genes provenant d'Angelique | D95: Pas repertorier
A96: 96 | B96: H2O
B97: HPRT | C97: ? | D97: Pas trouvé! Remplacer par H2O

Sheet P96-Genes-impression
B1: Gene | C1: Numero Fluidigm | F1: Gene | G1: Numero Fluidigm
A2: 1 | B2: ACTB | C2: FL-1- ACTB | E2: 49 | F2: CLEC6A | G2: FL-103- CLEC6A
A3: 2 | B3: GAPDH | C3: FL-2- GAPDH | E3: 50 | F3: COX-2 | G3: FL-111- COX-2
A4: 3 | B4: PPIA | C4: FL-3- PPIA | E4: 51 | F4: ITGAM | G4: FL-112- ITGAM
A5: 4 | B5: RORa | C5: FL-5- RORa | E5: 52 | F5: TLR1 | G5: FL-117- TLR1
A6: 5 | B6: STAT3 | C6: FL-8- STAT3 | E6: 53 | F6: TLR2 | G6: FL-118- TLR2
A7: 6 | B7: AHR | C7: FL-10- AHR | E7: 54 | F7: TLR4 | G7: FL-120- TLR4
A8: 7 | B8: CD25 | C8: FL-17- CD25 | E8: 55 | F8: TLR6 | G8: FL-122- TLR6
A9: 8 | B9: CD62L | C9: FL-19- CD62L | E9: 56 | F9: OCLN | G9: FL-131- OCLN
A10: 9 | B10: CCR6 | C10: FL-30- CCR6 | E10: 57 | F10: CLDN1 | G10: FL-132- CLDN1
A11: 10 | B11: CCR7 | C11: FL-31- CCR7 | E11: 58 | F11: TJP1 | G11: FL-133- TJP1
A12: 11 | B12: IL10 | C12: FL-42- IL10 | E12: 59 | F12: SOD2 | G12: FL-143- SOD2
A13: 12 | B13: TNF alpha | C13: FL-43- TNF-alpha | E13: 60 | F13: NCF1 | G13: FL-145- NCF1
... A48: 47 | B48: CCR1 | C48: FL-98- CCR1 | E48: 95 | F48: UPA | G48: Genes provenant d'Angelique
A49: 48 | B49: CD14 | C49: FL-99- CD14 | E49: 96 | F49: H2O

Sheet P96-Echantillons
A1: Name | B1: Date | C1: Volume | D1: Echantillon | E1: Quartier | F1: Type | G1: Extraction | H1: Date_prel | I1: Description
A2: ADNc-380 | B2: 45002 | C2: 30µL | D2: ARN-380 | E2: VL9149_ARD | F2: lait | G2: trizol | H2: 44890 | I2: Lait VL9149 ARD-25-11-2022
A3: ADNc-381 | B3: 45002 | C3: 30µL | D3: ARN-381 | E3: VL7504_AVD | F3: lait | G3: trizol | H3: 44890 | I3: Lait VL7504 AVD-25-11-2022
A4: ADNc-382 | B4: 45002 | C4: 30µL | D4: ARN-382 | E4: VL7186_ARD | F4: lait | G4: trizol | H4: 44890 | I4: Lait VL7186 ARD-25-11-2022
A5: ADNc-383 | B5: 45002 | C5: 30µL | D5: ARN-383 | E5: VL1076_AVD | F5: lait | G5: trizol | H5: 44890 | I5: Lait VL1076 AVD-25-11-2022
A6: ADNc-384 | B6: 45002 | C6: 30µL | D6: ARN-384 | E6: VL1127_AVD | F6: lait | G6: trizol | H6: 44890 | I6: Lait VL1127 AVD-25-11-2022
A7: ADNc-385 | B7: 45002 | C7: 30µL | D7: ARN-385 | E7: VL1064_ARG | F7: lait | G7: trizol | H7: 44890 | I7: Lait VL1064 ARG-25-11-2022
A8: ADNc-386 | B8: 45002 | C8: 30µL | D8: ARN-386 | E8: VL1063_AVG | F8: lait | G8: trizol | H8: 44890 | I8: Lait VL1063 AVG-25-11-2022
A9: ADNc-387 | B9: 45002 | C9: 30µL | D9: ARN-387 | E9: VL1145_ARD | F9: lait | G9: trizol | H9: 44890 | I9: Lait VL1145 ARD-25-11-2022
A10: ADNc-388 | B10: 45002 | C10: 30µL | D10: ARN-388 | E10: VL9148_ARD | F10: lait | G10: trizol | H10: 44890 | I10: Lait VL9148 ARD-25-11-2022
A11: ADNc-389 | B11: 45002 | C11: 30µL | D11: ARN-389 | E11: VL7501_AVG | F11: lait | G11: trizol | H11: 44890 | I11: Lait VL7501 AVG-25-11-2022
A12: ADNc-390 | B12: 45002 | C12: 30µL | D12: ARN-390 | E12: VL9149_ARD | F12: centri | G12: trizol | H12: 44890 | I12: Cellules centrifugées-VL9149-ARD-25-11-2022
A13: ADNc-391 | B13: 45002 | C13: 30µL | D13: ARN-391 | E13: VL7504_AVD | F13: centri | G13: trizol | H13: 44890 | I13: Cellules centrifugées-VL7504-AVD-25-11-2022
... A97: ADNc-ANSES-18 | B97: 45002 | C97: 50µL | D97: ARN-ANSES-18 | E97: Échantillon_18=_Bovis3_Tinf_24h | F97: ANSES | G97: ANSES | H97: 44927 | I97: Échantillon 18= Bovis3 Tinf 24h

Sheet Plan de plaque en P96
A1: Plan de plaque P96 pour preparation amplification cDNA et mix amorces | I1: Pré -amplification fait sur 16 cycles
B3: Position des 96 genes
B5: 1 | C5: 2 | D5: 3 | E5: 4 | F5: 5 | G5: 6 | H5: 7 | I5: 8 | J5: 9 | K5: 10 | L5: 11 | M5: 12
A6: A | B6: ='P96-Genes (B)'!A1 -> ACTB | C6: ='P96-Genes (B)'!B1 -> GAPDH | D6: ='P96-Genes (B)'!C1 -> PPIA | E6: ='P96-Genes (B)'!D1 -> RORa | F6: ='P96-Genes (B)'!E1 -> STAT3 | G6: ='P96-Genes (B)'!F1 -> AHR | H6: ='P96-Genes (B)'!G1 -> CD25 | I6: ='P96-Genes (B)'!H1 -> CD62L | ... M6: ='P96-Genes (B)'!L1 -> TNF alpha
A7: B | B7: ='P96-Genes (B)'!M1 -> CXCL8 | C7: ='P96-Genes (B)'!N1 -> CCL2 | D7: ='P96-Genes (B)'!O1 -> CCL20 | E7: ='P96-Genes (B)'!P1 -> CXCL10 | F7: ='P96-Genes (B)'!Q1 -> CXCL1 | G7: ='P96-Genes (B)'!R1 -> CXCL2 | H7: ='P96-Genes (B)'!S1 -> CXCL3 | I7: ='P96-Genes (B)'!T1 -> CXCL5 | ... M7: ='P96-Genes (B)'!X1 -> IFNB1
A8: C | B8: ='P96-Genes (B)'!Y1 -> MIF | C8: ='P96-Genes (B)'!Z1 -> TGFB1 | D8: ='P96-Genes (B)'!AA1 -> TSLP | E8: ='P96-Genes (B)'!AB1 -> DEFB5 | F8: ='P96-Genes (B)'!AC1 -> LAP | G8: ='P96-Genes (B)'!AD1 -> MMP9 | H8: ='P96-Genes (B)'!AE1 -> MUC1 | I8: ='P96-Genes (B)'!AF1 -> S100A8 | ... M8: ='P96-Genes (B)'!AJ1 -> CASP1
A9: D | B9: ='P96-Genes (B)'!AK1 -> CASP13 | C9: ='P96-Genes (B)'!AL1 -> CASP8 | D9: ='P96-Genes (B)'!AM1 -> NOS2 | E9: ='P96-Genes (B)'!AN1 -> IFNAR1 | F9: ='P96-Genes (B)'!AO1 -> ISG15 | G9: ='P96-Genes (B)'!AP1 -> MX1 | H9: ='P96-Genes (B)'!AQ1 -> OAS1Z | I9: ='P96-Genes (B)'!AR1 -> IFITM3 | ... M9: ='P96-Genes (B)'!AV1 -> CD14
A10: E | B10: ='P96-Genes (B)'!AW1 -> CLEC6A | C10: ='P96-Genes (B)'!AX1 -> COX-2 | D10: ='P96-Genes (B)'!AY1 -> ITGAM | E10: ='P96-Genes (B)'!AZ1 -> TLR1 | F10: ='P96-Genes (B)'!BA1 -> TLR2 | G10: ='P96-Genes (B)'!BB1 -> TLR4 | H10: ='P96-Genes (B)'!BC1 -> TLR6 | I10: ='P96-Genes (B)'!BD1 -> OCLN | ... M10: ='P96-Genes (B)'!BH1 -> NCF1
A11: F | B11: ='P96-Genes (B)'!BI1 -> IKZF1 | C11: ='P96-Genes (B)'!BJ1 -> CAT | D11: ='P96-Genes (B)'!BK1 -> YWHAZ | E11: ='P96-Genes (B)'!BL1 -> CD80 | F11: ='P96-Genes (B)'!BM1 -> STAT1 | G11: ='P96-Genes (B)'!BN1 -> STAT2 | H11: ='P96-Genes (B)'!BO1 -> STAT5A | I11: ='P96-Genes (B)'!BP1 -> IFNL3 | ... M11: ='P96-Genes (B)'!BT1 -> FAIM3
A12: G | B12: ='P96-Genes (B)'!BU1 -> FAS | C12: ='P96-Genes (B)'!BV1 -> LCN2 | D12: ='P96-Genes (B)'!BW1 -> SPI1 | E12: ='P96-Genes (B)'!BX1 -> ZBTB11 | F12: ='P96-Genes (B)'!BY1 -> AOAH | G12: ='P96-Genes (B)'!BZ1 -> SOCS3 | H12: ='P96-Genes (B)'!CA1 -> OASL | I12: ='P96-Genes (B)'!CB1 -> ABCG2 | ... M12: ='P96-Genes (B)'!CF1 -> CSN3
A13: H | B13: ='P96-Genes (B)'!CG1 -> GPX1 | C13: ='P96-Genes (B)'!CH1 -> HSPA8 | D13: ='P96-Genes (B)'!CI1 -> LPL | E13: ='P96-Genes (B)'!CJ1 -> NRF2 | F13: ='P96-Genes (B)'!CK1 -> RIP1 | G13: ='P96-Genes (B)'!CL1 -> RPL19 | H13: ='P96-Genes (B)'!CM1 -> RPLP0 | I13: ='P96-Genes (B)'!CN1 -> SIRT1 | ... M13: ='P96-Genes (B)'!CR1 -> H2O
B17: Position des 96 Echantillons
B19: 1 | C19: 2 | D19: 3 | E19: 4 | F19: 5 | G19: 6 | H19: 7 | I19: 8 | J19: 9 | K19: 10 | L19: 11 | M19: 12
A20: A | B20: ='P96-Echantillons'!A2 -> ADNc-380 | C20: ='P96-Echantillons'!A10 -> ADNc-388 | D20: ='P96-Echantillons'!A18 -> ADNc-396 | E20: ='P96-Echantillons'!A26 -> ADNc-404 | F20: ='P96-Echantillons'!A34 -> ADNc-412 | G20: ='P96-Echantillons'!A42 -> ADNc-338 | H20: ='P96-Echantillons'!A50 -> ADNc-346 | I20: ='P96-Echantillons'!A58 -> ADNc-354 | J20: ='P96-Echantillons'!A66 -> ADNc-366 | K20: ='P96-Echantillons'!A74 -> ADNc-315 | L20: ='P96-Echantillons'!A82 -> ADNc-ANSES-3 | M20: ='P96-Echantillons'!A90 -> ADNc-ANSES-11
A21: B | B21: ='P96-Echantillons'!A3 -> ADNc-381 | C21: ='P96-Echantillons'!A11 -> ADNc-389 | D21: ='P96-Echantillons'!A19 -> ADNc-397 | E21: ='P96-Echantillons'!A27 -> ADNc-405 | F21: ='P96-Echantillons'!A35 -> ADNc-413 | G21: ='P96-Echantillons'!A43 -> ADNc-339 | H21: ='P96-Echantillons'!A51 -> ADNc-347 | I21: ='P96-Echantillons'!A59 -> ADNc-355 | J21: ='P96-Echantillons'!A67 -> ADNc-367 | K21: ='P96-Echantillons'!A75 -> ADNc-321 | L21: ='P96-Echantillons'!A83 -> ADNc-ANSES-4 | M21: ='P96-Echantillons'!A91 -> ADNc-ANSES-12
A22: C | B22: ='P96-Echantillons'!A4 -> ADNc-382 | C22: ='P96-Echantillons'!A12 -> ADNc-390 | D22: ='P96-Echantillons'!A20 -> ADNc-398 | E22: ='P96-Echantillons'!A28 -> ADNc-406 | F22: ='P96-Echantillons'!A36 -> ADNc-414 | G22: ='P96-Echantillons'!A44 -> ADNc-340 | H22: ='P96-Echantillons'!A52 -> ADNc-348 | I22: ='P96-Echantillons'!A60 -> ADNc-356 | J22: ='P96-Echantillons'!A68 -> ADNc-368 | K22: ='P96-Echantillons'!A76 -> ADNc-326 | L22: ='P96-Echantillons'!A84 -> ADNc-ANSES-5 | M22: ='P96-Echantillons'!A92 -> ADNc-ANSES-13
A23: D | B23: ='P96-Echantillons'!A5 -> ADNc-383 | C23: ='P96-Echantillons'!A13 -> ADNc-391 | D23: ='P96-Echantillons'!A21 -> ADNc-399 | E23: ='P96-Echantillons'!A29 -> ADNc-407 | F23: ='P96-Echantillons'!A37 -> ADNc-415 | G23: ='P96-Echantillons'!A45 -> ADNc-341 | H23: ='P96-Echantillons'!A53 -> ADNc-349 | I23: ='P96-Echantillons'!A61 -> ADNc-357 | J23: ='P96-Echantillons'!A69 -> ADNc-369 | K23: ='P96-Echantillons'!A77 -> ADNc-327 | L23: ='P96-Echantillons'!A85 -> ADNc-ANSES-6 | M23: ='P96-Echantillons'!A93 -> ADNc-ANSES-14
A24: E | B24: ='P96-Echantillons'!A6 -> ADNc-384 | C24: ='P96-Echantillons'!A14 -> ADNc-392 | D24: ='P96-Echantillons'!A22 -> ADNc-400 | E24: ='P96-Echantillons'!A30 -> ADNc-408 | F24: ='P96-Echantillons'!A38 -> ADNc-416 | G24: ='P96-Echantillons'!A46 -> ADNc-342 | H24: ='P96-Echantillons'!A54 -> ADNc-350 | I24: ='P96-Echantillons'!A62 -> ADNc-362 | J24: ='P96-Echantillons'!A70 -> ADNc-370 | K24: ='P96-Echantillons'!A78 -> ADNc-332 | L24: ='P96-Echantillons'!A86 -> ADNc-ANSES-7 | M24: ='P96-Echantillons'!A94 -> ADNc-ANSES-15
A25: F | B25: ='P96-Echantillons'!A7 -> ADNc-385 | C25: ='P96-Echantillons'!A15 -> ADNc-393 | D25: ='P96-Echantillons'!A23 -> ADNc-401 | E25: ='P96-Echantillons'!A31 -> ADNc-409 | F25: ='P96-Echantillons'!A39 -> ADNc-417 | G25: ='P96-Echantillons'!A47 -> ADNc-343 | H25: ='P96-Echantillons'!A55 -> ADNc-351 | I25: ='P96-Echantillons'!A63 -> ADNc-363 | J25: ='P96-Echantillons'!A71 -> ADNc-308 | K25: ='P96-Echantillons'!A79 -> ADNc-333 | L25: ='P96-Echantillons'!A87 -> ADNc-ANSES-8 | M25: ='P96-Echantillons'!A95 -> ADNc-ANSES-16
A26: G | B26: ='P96-Echantillons'!A8 -> ADNc-386 | C26: ='P96-Echantillons'!A16 -> ADNc-394 | D26: ='P96-Echantillons'!A24 -> ADNc-402 | E26: ='P96-Echantillons'!A32 -> ADNc-410 | F26: ='P96-Echantillons'!A40 -> ADNc-418 | G26: ='P96-Echantillons'!A48 -> ADNc-344 | H26: ='P96-Echantillons'!A56 -> ADNc-352 | I26: ='P96-Echantillons'!A64 -> ADNc-364 | J26: ='P96-Echantillons'!A72 -> ADNc-309 | K26: ='P96-Echantillons'!A80 -> ADNc-ANSES-1 | L26: ='P96-Echantillons'!A88 -> ADNc-ANSES-9 | M26: ='P96-Echantillons'!A96 -> ADNc-ANSES-17
A27: H | B27: ='P96-Echantillons'!A9 -> ADNc-387 | C27: ='P96-Echantillons'!A17 -> ADNc-395 | D27: ='P96-Echantillons'!A25 -> ADNc-403 | E27: ='P96-Echantillons'!A33 -> ADNc-411 | F27: ='P96-Echantillons'!A41 -> ADNc-419 | G27: ='P96-Echantillons'!A49 -> ADNc-345 | H27: ='P96-Echantillons'!A57 -> ADNc-353 | I27: ='P96-Echantillons'!A65 -> ADNc-365 | J27: ='P96-Echantillons'!A73 -> ADNc-314 | K27: ='P96-Echantillons'!A81 -> ADNc-ANSES-2 | L27: ='P96-Echantillons'!A89 -> ADNc-ANSES-10 | M27: ='P96-Echantillons'!A97 -> ADNc-ANSES-18
B29: Nom des cDNA corespondants aux 96 Echantillons
B31: 1 | C31: 2 | D31: 3 | E31: 4 | F31: 5 | G31: 6 | H31: 7 | I31: 8 | J31: 9 | K31: 10 | L31: 11 | M31: 12
A32: A | B32: ='P96-Echantillons'!E2 -> VL9149_ARD | C32: ='P96-Echantillons'!E10 -> VL9148_ARD | D32: ='P96-Echantillons'!E18 -> VL1063_AVG | E32: ='P96-Echantillons'!E26 -> VL1124_AVD | F32: ='P96-Echantillons'!E34 -> VL1095_ARG | G32: ='P96-Echantillons'!E42 -> VL1926_AVG | H32: ='P96-Echantillons'!E50 -> VL2011_AVG | I32: ='P96-Echantillons'!E58 -> VL1814_ARD | J32: ='P96-Echantillons'!E66 -> VL1914_AVG | K32: ='P96-Echantillons'!E74 -> VL1717_ARD | L32: ='P96-Echantillons'!E82 -> Échantillon_3=_Mock_Tinf_24h | M32: ='P96-Echantillons'!E90 -> Échantillon_11=_Bovis2_Tinf_5h
A33: B | B33: ='P96-Echantillons'!E3 -> VL7504_AVD | C33: ='P96-Echantillons'!E11 -> VL7501_AVG | D33: ='P96-Echantillons'!E19 -> VL1145_ARD | E33: ='P96-Echantillons'!E27 -> VL9088_ARD | F33: ='P96-Echantillons'!E35 -> VL9045_AVD | G33: ='P96-Echantillons'!E43 -> VL1914_AVG | H33: ='P96-Echantillons'!E51 -> VL1531_AVG | I33: ='P96-Echantillons'!E59 -> VL1910_ARD | J33: ='P96-Echantillons'!E67 -> VL1914_AVG | K33: ='P96-Echantillons'!E75 -> VL1818_ARG | L33: ='P96-Echantillons'!E83 -> Échantillon_4=_Bvh1_Tinf_5h | M33: ='P96-Echantillons'!E91 -> Échantillon_12=_Bovis3_Tinf_5h
A34: C | B34: ='P96-Echantillons'!E4 -> VL7186_ARD | C34: ='P96-Echantillons'!E12 -> VL9149_ARD | D34: ='P96-Echantillons'!E20 -> VL9148_ARD | E34: ='P96-Echantillons'!E28 -> VL8324_AVD | F34: ='P96-Echantillons'!E36 -> VL1124_AVD | G34: ='P96-Echantillons'!E44 -> VL1744_AVG | H34: ='P96-Echantillons'!E52 -> VL1814_ARD | I34: ='P96-Echantillons'!E60 -> VL1916_AVD | J34: ='P96-Echantillons'!E68 -> VL1744_AVG | K34: ='P96-Echantillons'!E76 -> VL1815_AVD | L34: ='P96-Echantillons'!E84 -> Échantillon_5=_Bvh2_Tinf_5h | M34: ='P96-Echantillons'!E92 -> Échantillon_13=_Bovis1_Tinf_8h
A35: D | B35: ='P96-Echantillons'!E5 -> VL1076_AVD | C35: ='P96-Echantillons'!E13 -> VL7504_AVD | D35: ='P96-Echantillons'!E21 -> VL7501_AVG | E35: ='P96-Echantillons'!E29 -> VL9089_AVD | F35: ='P96-Echantillons'!E37 -> VL9088_ARD | G35: ='P96-Echantillons'!E45 -> VL1913_AVD | H35: ='P96-Echantillons'!E53 -> VL1910_ARD | I35: ='P96-Echantillons'!E61 -> VL1921_ARD | J35: ='P96-Echantillons'!E69 -> VL1744_AVG | K35: ='P96-Echantillons'!E77 -> VL1815_ARD | L35: ='P96-Echantillons'!E85 -> Échantillon_6=_Bvh3_Tinf_5h | M35: ='P96-Echantillons'!E93 -> Échantillon_14=_Bovis2_Tinf_8h
A36: E | B36: ='P96-Echantillons'!E6 -> VL1127_AVD | C36: ='P96-Echantillons'!E14 -> VL7186_ARD | D36: ='P96-Echantillons'!E22 -> VL1083_AVG | E36: ='P96-Echantillons'!E30 -> VL8332_AVG | F36: ='P96-Echantillons'!E38 -> VL8324_AVD | G36: ='P96-Echantillons'!E46 -> VL1926_AVG | H36: ='P96-Echantillons'!E54 -> VL1916_AVD | I36: ='P96-Echantillons'!E62 -> VL1926_AVG | J36: ='P96-Echantillons'!E70 -> VL1744_AVG | K36: ='P96-Echantillons'!E78 -> VL1743_AVG | L36: ='P96-Echantillons'!E86 -> Échantillon_7=_Bvh1_Tinf_8h | M36: ='P96-Echantillons'!E94 -> Échantillon_15=_Bovis3_Tinf_8h
A37: F | B37: ='P96-Echantillons'!E7 -> VL1064_ARG | C37: ='P96-Echantillons'!E15 -> VL1076_AVD | D37: ='P96-Echantillons'!E23 -> VL1101_ARD | E37: ='P96-Echantillons'!E31 -> VL1096_AVD | F37: ='P96-Echantillons'!E39 -> VL9089_AVD | G37: ='P96-Echantillons'!E47 -> VL1914_AVG | H37: ='P96-Echantillons'!E55 -> VL1921_ARD | I37: ='P96-Echantillons'!E63 -> VL1926_AVG | J37: ='P96-Echantillons'!E71 -> VL1517_AVD | K37: ='P96-Echantillons'!E79 -> VL1743_ARD | L37: ='P96-Echantillons'!E87 -> Échantillon_8=_Bvh2_Tinf_8h | M37: ='P96-Echantillons'!E95 -> Échantillon_16=_Bovis1_Tinf_24h
A38: G | B38: ='P96-Echantillons'!E8 -> VL1063_AVG | C38: ='P96-Echantillons'!E16 -> VL1127_AVD | D38: ='P96-Echantillons'!E24 -> VL1095_ARG | E38: ='P96-Echantillons'!E32 -> VL1083_AVG | F38: ='P96-Echantillons'!E40 -> VL8332_AVG | G38: ='P96-Echantillons'!E48 -> VL1744_AVG | H38: ='P96-Echantillons'!E56 -> VL2011_AVG | I38: ='P96-Echantillons'!E64 -> VL1926_AVG | J38: ='P96-Echantillons'!E72 -> VL1517_AVG | K38: ='P96-Echantillons'!E80 -> Échantillon_1_=_Mock_Tinf_5h | L38: ='P96-Echantillons'!E88 -> Échantillon_9=_Bvh3_Tinf_8h | M38: ='P96-Echantillons'!E96 -> Échantillon_17=_Bovis2_Tinf_24h
A39: H | B39: ='P96-Echantillons'!E9 -> VL1145_ARD | C39: ='P96-Echantillons'!E17 -> VL1064_ARG | D39: ='P96-Echantillons'!E25 -> VL9045_AVD | E39: ='P96-Echantillons'!E33 -> VL1101_ARD | F39: ='P96-Echantillons'!E41 -> VL1096_AVD | G39: ='P96-Echantillons'!E49 -> VL1913_AVD | H39: ='P96-Echantillons'!E57 -> VL1531_AVG | I39: ='P96-Echantillons'!E65 -> VL1914_AVG | J39: ='P96-Echantillons'!E73 -> VL1717_ARG | K39: ='P96-Echantillons'!E81 -> Échantillon_2=_Mock_Tinf_8h | L39: ='P96-Echantillons'!E89 -> Échantillon_10=_Bovis1_Tinf_5h | M39: ='P96-Echantillons'!E97 -> Échantillon_18=_Bovis3_Tinf_24h

Sheet Plan de plaque Fluidigm
A1: Position des echantillons sur la plaque Fluidigm 96x96
A3: Position des 96 genes | N3: Position des 96 Echantillons
A4: ='Plan de plaque en P96'!B6 -> ACTB | B4: ='Plan de plaque en P96'!C6 -> GAPDH | C4: ='Plan de plaque en P96'!D6 -> PPIA | D4: ='Plan de plaque en P96'!E6 -> RORa | E4: ='Plan de plaque en P96'!F6 -> STAT3 | F4: ='Plan de plaque en P96'!G6 -> AHR | N4: ='Plan de plaque en P96'!B20 -> ADNc-380 | O4: ='Plan de plaque en P96'!C20 -> ADNc-388 | P4: ='Plan de plaque en P96'!D20 -> ADNc-396 | Q4: ='Plan de plaque en P96'!E20 -> ADNc-404 | R4: ='Plan de plaque en P96'!F20 -> ADNc-412 | S4: ='Plan de plaque en P96'!G20 -> ADNc-338
A5: ='Plan de plaque en P96'!H6 -> CD25 | B5: ='Plan de plaque en P96'!I6 -> CD62L | C5: ='Plan de plaque en P96'!J6 -> CCR6 | D5: ='Plan de plaque en P96'!K6 -> CCR7 | E5: ='Plan de plaque en P96'!L6 -> IL10 | F5: ='Plan de plaque en P96'!M6 -> TNF alpha | N5: ='Plan de plaque en P96'!H20 -> ADNc-346 | O5: ='Plan de plaque en P96'!I20 -> ADNc-354 | P5: ='Plan de plaque en P96'!J20 -> ADNc-366 | Q5: ='Plan de plaque en P96'!K20 -> ADNc-315 | R5: ='Plan de plaque en P96'!L20 -> ADNc-ANSES-3 | S5: ='Plan de plaque en P96'!M20 -> ADNc-ANSES-11
A6: ='Plan de plaque en P96'!B7 -> CXCL8 | B6: ='Plan de plaque en P96'!C7 -> CCL2 | C6: ='Plan de plaque en P96'!D7 -> CCL20 | D6: ='Plan de plaque en P96'!E7 -> CXCL10 | E6: ='Plan de plaque en P96'!F7 -> CXCL1 | F6: ='Plan de plaque en P96'!G7 -> CXCL2 | N6: ='Plan de plaque en P96'!B21 -> ADNc-381 | O6: ='Plan de plaque en P96'!C21 -> ADNc-389 | P6: ='Plan de plaque en P96'!D21 -> ADNc-397 | Q6: ='Plan de plaque en P96'!E21 -> ADNc-405 | R6: ='Plan de plaque en P96'!F21 -> ADNc-413 | S6: ='Plan de plaque en P96'!G21 -> ADNc-339
A7: ='Plan de plaque en P96'!H7 -> CXCL3 | B7: ='Plan de plaque en P96'!I7 -> CXCL5 | C7: ='Plan de plaque en P96'!J7 -> IL1-alpha | D7: ='Plan de plaque en P96'!K7 -> IL1-beta | E7: ='Plan de plaque en P96'!L7 -> IL6 | F7: ='Plan de plaque en P96'!M7 -> IFNB1 | N7: ='Plan de plaque en P96'!H21 -> ADNc-347 | O7: ='Plan de plaque en P96'!I21 -> ADNc-355 | P7: ='Plan de plaque en P96'!J21 -> ADNc-367 | Q7: ='Plan de plaque en P96'!K21 -> ADNc-321 | R7: ='Plan de plaque en P96'!L21 -> ADNc-ANSES-4 | S7: ='Plan de plaque en P96'!M21 -> ADNc-ANSES-12
A8: ='Plan de plaque en P96'!B8 -> MIF | B8: ='Plan de plaque en P96'!C8 -> TGFB1 | C8: ='Plan de plaque en P96'!D8 -> TSLP | D8: ='Plan de plaque en P96'!E8 -> DEFB5 | E8: ='Plan de plaque en P96'!F8 -> LAP | F8: ='Plan de plaque en P96'!G8 -> MMP9 | N8: ='Plan de plaque en P96'!B22 -> ADNc-382 | O8: ='Plan de plaque en P96'!C22 -> ADNc-390 | P8: ='Plan de plaque en P96'!D22 -> ADNc-398 | Q8: ='Plan de plaque en P96'!E22 -> ADNc-406 | R8: ='Plan de plaque en P96'!F22 -> ADNc-414 | S8: ='Plan de plaque en P96'!G22 -> ADNc-340
A9: ='Plan de plaque en P96'!H8 -> MUC1 | B9: ='Plan de plaque en P96'!I8 -> S100A8 | C9: ='Plan de plaque en P96'!J8 -> S100A9 | D9: ='Plan de plaque en P96'!K8 -> SAA3 | E9: ='Plan de plaque en P96'!L8 -> TAP | F9: ='Plan de plaque en P96'!M8 -> CASP1 | N9: ='Plan de plaque en P96'!H22 -> ADNc-348 | O9: ='Plan de plaque en P96'!I22 -> ADNc-356 | P9: ='Plan de plaque en P96'!J22 -> ADNc-368 | Q9: ='Plan de plaque en P96'!K22 -> ADNc-326 | R9: ='Plan de plaque en P96'!L22 -> ADNc-ANSES-5 | S9: ='Plan de plaque en P96'!M22 -> ADNc-ANSES-13
A10: ='Plan de plaque en P96'!B9 -> CASP13 | B10: ='Plan de plaque en P96'!C9 -> CASP8 | C10: ='Plan de plaque en P96'!D9 -> NOS2 | D10: ='Plan de plaque en P96'!E9 -> IFNAR1 | E10: ='Plan de plaque en P96'!F9 -> ISG15 | F10: ='Plan de plaque en P96'!G9 -> MX1 | N10: ='Plan de plaque en P96'!B23 -> ADNc-383 | O10: ='Plan de plaque en P96'!C23 -> ADNc-391 | P10: ='Plan de plaque en P96'!D23 -> ADNc-399 | Q10: ='Plan de plaque en P96'!E23 -> ADNc-407 | R10: ='Plan de plaque en P96'!F23 -> ADNc-415 | S10: ='Plan de plaque en P96'!G23 -> ADNc-341
A11: ='Plan de plaque en P96'!H9 -> OAS1Z | B11: ='Plan de plaque en P96'!I9 -> IFITM3 | C11: ='Plan de plaque en P96'!J9 -> IRF3 | D11: ='Plan de plaque en P96'!K9 -> NLRP3 | E11: ='Plan de plaque en P96'!L9 -> CCR1 | F11: ='Plan de plaque en P96'!M9 -> CD14 | N11: ='Plan de plaque en P96'!H23 -> ADNc-349 | O11: ='Plan de plaque en P96'!I23 -> ADNc-357 | P11: ='Plan de plaque en P96'!J23 -> ADNc-369 | Q11: ='Plan de plaque en P96'!K23 -> ADNc-327 | R11: ='Plan de plaque en P96'!L23 -> ADNc-ANSES-6 | S11: ='Plan de plaque en P96'!M23 -> ADNc-ANSES-14
A12: ='Plan de plaque en P96'!B10 -> CLEC6A | B12: ='Plan de plaque en P96'!C10 -> COX-2 | C12: ='Plan de plaque en P96'!D10 -> ITGAM | D12: ='Plan de plaque en P96'!E10 -> TLR1 | E12: ='Plan de plaque en P96'!F10 -> TLR2 | F12: ='Plan de plaque en P96'!G10 -> TLR4 | N12: ='Plan de plaque en P96'!B24 -> ADNc-384 | O12: ='Plan de plaque en P96'!C24 -> ADNc-392 | P12: ='Plan de plaque en P96'!D24 -> ADNc-400 | Q12: ='Plan de plaque en P96'!E24 -> ADNc-408 | R12: ='Plan de plaque en P96'!F24 -> ADNc-416 | S12: ='Plan de plaque en P96'!G24 -> ADNc-342
A13: ='Plan de plaque en P96'!H10 -> TLR6 | B13: ='Plan de plaque en P96'!I10 -> OCLN | C13: ='Plan de plaque en P96'!J10 -> CLDN1 | D13: ='Plan de plaque en P96'!K10 -> TJP1 | E13: ='Plan de plaque en P96'!L10 -> SOD2 | F13: ='Plan de plaque en P96'!M10 -> NCF1 | N13: ='Plan de plaque en P96'!H24 -> ADNc-350 | O13: ='Plan de plaque en P96'!I24 -> ADNc-362 | P13: ='Plan de plaque en P96'!J24 -> ADNc-370 | Q13: ='Plan de plaque en P96'!K24 -> ADNc-332 | R13: ='Plan de plaque en P96'!L24 -> ADNc-ANSES-7 | S13: ='Plan de plaque en P96'!M24 -> ADNc-ANSES-15
A14: ='Plan de plaque en P96'!B11 -> IKZF1 | B14: ='Plan de plaque en P96'!C11 -> CAT | C14: ='Plan de plaque en P96'!D11 -> YWHAZ | D14: ='Plan de plaque en P96'!E11 -> CD80 | E14: ='Plan de plaque en P96'!F11 -> STAT1 | F14: ='Plan de plaque en P96'!G11 -> STAT2 | N14: ='Plan de plaque en P96'!B25 -> ADNc-385 | O14: ='Plan de plaque en P96'!C25 -> ADNc-393 | P14: ='Plan de plaque en P96'!D25 -> ADNc-401 | Q14: ='Plan de plaque en P96'!E25 -> ADNc-409 | R14: ='Plan de plaque en P96'!F25 -> ADNc-417 | S14: ='Plan de plaque en P96'!G25 -> ADNc-343
A15: ='Plan de plaque en P96'!H11 -> STAT5A | B15: ='Plan de plaque en P96'!I11 -> IFNL3 | C15: ='Plan de plaque en P96'!J11 -> CD4 | D15: ='Plan de plaque en P96'!K11 -> CSN1S1 | E15: ='Plan de plaque en P96'!L11 -> CXCR4 | F15: ='Plan de plaque en P96'!M11 -> FAIM3 | N15: ='Plan de plaque en P96'!H25 -> ADNc-351 | O15: ='Plan de plaque en P96'!I25 -> ADNc-363 | P15: ='Plan de plaque en P96'!J25 -> ADNc-308 | Q15: ='Plan de plaque en P96'!K25 -> ADNc-333 | R15: ='Plan de plaque en P96'!L25 -> ADNc-ANSES-8 | S15: ='Plan de plaque en P96'!M25 -> ADNc-ANSES-16
A16: ='Plan de plaque en P96'!B12 -> FAS | B16: ='Plan de plaque en P96'!C12 -> LCN2 | C16: ='Plan de plaque en P96'!D12 -> SPI1 | D16: ='Plan de plaque en P96'!E12 -> ZBTB11 | E16: ='Plan de plaque en P96'!F12 -> AOAH | F16: ='Plan de plaque en P96'!G12 -> SOCS3 | N16: ='Plan de plaque en P96'!B26 -> ADNc-386 | O16: ='Plan de plaque en P96'!C26 -> ADNc-394 | P16: ='Plan de plaque en P96'!D26 -> ADNc-402 | Q16: ='Plan de plaque en P96'!E26 -> ADNc-410 | R16: ='Plan de plaque en P96'!F26 -> ADNc-418 | S16: ='Plan de plaque en P96'!G26 -> ADNc-344
A17: ='Plan de plaque en P96'!H12 -> OASL | B17: ='Plan de plaque en P96'!I12 -> ABCG2 | C17: ='Plan de plaque en P96'!J12 -> Bax | D17: ='Plan de plaque en P96'!K12 -> CD36 | E17: ='Plan de plaque en P96'!L12 -> CDH1 | F17: ='Plan de plaque en P96'!M12 -> CSN3 | N17: ='Plan de plaque en P96'!H26 -> ADNc-352 | O17: ='Plan de plaque en P96'!I26 -> ADNc-364 | P17: ='Plan de plaque en P96'!J26 -> ADNc-309 | Q17: ='Plan de plaque en P96'!K26 -> ADNc-ANSES-1 | R17: ='Plan de plaque en P96'!L26 -> ADNc-ANSES-9 | S17: ='Plan de plaque en P96'!M26 -> ADNc-ANSES-17
A18: ='Plan de plaque en P96'!B13 -> GPX1 | B18: ='Plan de plaque en P96'!C13 -> HSPA8 | C18: ='Plan de plaque en P96'!D13 -> LPL | D18: ='Plan de plaque en P96'!E13 -> NRF2 | E18: ='Plan de plaque en P96'!F13 -> RIP1 | F18: ='Plan de plaque en P96'!G13 -> RPL19 | N18: ='Plan de plaque en P96'!B27 -> ADNc-387 | O18: ='Plan de plaque en P96'!C27 -> ADNc-395 | P18: ='Plan de plaque en P96'!D27 -> ADNc-403 | Q18: ='Plan de plaque en P96'!E27 -> ADNc-411 | R18: ='Plan de plaque en P96'!F27 -> ADNc-419 | S18: ='Plan de plaque en P96'!G27 -> ADNc-345
A19: ='Plan de plaque en P96'!H13 -> RPLP0 | B19: ='Plan de plaque en P96'!I13 -> SIRT1 | C19: ='Plan de plaque en P96'!J13 -> SOD1 | D19: ='Plan de plaque en P96'!K13 -> TXNRD1 | E19: ='Plan de plaque en P96'!L13 -> UPA | F19: ='Plan de plaque en P96'!M13 -> H2O | N19: ='Plan de plaque en P96'!H27 -> ADNc-353 | O19: ='Plan de plaque en P96'!I27 -> ADNc-365 | P19: ='Plan de plaque en P96'!J27 -> ADNc-314 | Q19: ='Plan de plaque en P96'!K27 -> ADNc-ANSES-2 | R19: ='Plan de plaque en P96'!L27 -> ADNc-ANSES-10 | S19: ='Plan de plaque en P96'!M27 -> ADNc-ANSES-18

Sheet Plan de plaque Fluidigm (2)
A1: Position des echantillons sur la plaque Fluidigm 96x96
A3: Position des 96 genes | N3: Position des 96 Echantillons
A4: ='Plan de plaque en P96'!B6 -> ACTB | B4: ='Plan de plaque en P96'!C6 -> GAPDH | C4: ='Plan de plaque en P96'!D6 -> PPIA | D4: ='Plan de plaque en P96'!E6 -> RORa | E4: ='Plan de plaque en P96'!F6 -> STAT3 | F4: ='Plan de plaque en P96'!G6 -> AHR | N4: ='Plan de plaque en P96'!B32 -> VL9149_ARD | O4: ='Plan de plaque en P96'!C32 -> VL9148_ARD | P4: ='Plan de plaque en P96'!D32 -> VL1063_AVG | Q4: ='Plan de plaque en P96'!E32 -> VL1124_AVD | R4: ='Plan de plaque en P96'!F32 -> VL1095_ARG | S4: ='Plan de plaque en P96'!G32 -> VL1926_AVG
A5: ='Plan de plaque en P96'!H6 -> CD25 | B5: ='Plan de plaque en P96'!I6 -> CD62L | C5: ='Plan de plaque en P96'!J6 -> CCR6 | D5: ='Plan de plaque en P96'!K6 -> CCR7 | E5: ='Plan de plaque en P96'!L6 -> IL10 | F5: ='Plan de plaque en P96'!M6 -> TNF alpha | N5: ='Plan de plaque en P96'!H32 -> VL2011_AVG | O5: ='Plan de plaque en P96'!I32 -> VL1814_ARD | P5: ='Plan de plaque en P96'!J32 -> VL1914_AVG | Q5: ='Plan de plaque en P96'!K32 -> VL1717_ARD | R5: ='Plan de plaque en P96'!L32 -> Échantillon_3=_Mock_Tinf_24h | S5: ='Plan de plaque en P96'!M32 -> Échantillon_11=_Bovis2_Tinf_5h
A6: ='Plan de plaque en P96'!B7 -> CXCL8 | B6: ='Plan de plaque en P96'!C7 -> CCL2 | C6: ='Plan de plaque en P96'!D7 -> CCL20 | D6: ='Plan de plaque en P96'!E7 -> CXCL10 | E6: ='Plan de plaque en P96'!F7 -> CXCL1 | F6: ='Plan de plaque en P96'!G7 -> CXCL2 | N6: ='Plan de plaque en P96'!B33 -> VL7504_AVD | O6: ='Plan de plaque en P96'!C33 -> VL7501_AVG | P6: ='Plan de plaque en P96'!D33 -> VL1145_ARD | Q6: ='Plan de plaque en P96'!E33 -> VL9088_ARD | R6: ='Plan de plaque en P96'!F33 -> VL9045_AVD | S6: ='Plan de plaque en P96'!G33 -> VL1914_AVG
A7: ='Plan de plaque en P96'!H7 -> CXCL3 | B7: ='Plan de plaque en P96'!I7 -> CXCL5 | C7: ='Plan de plaque en P96'!J7 -> IL1-alpha | D7: ='Plan de plaque en P96'!K7 -> IL1-beta | E7: ='Plan de plaque en P96'!L7 -> IL6 | F7: ='Plan de plaque en P96'!M7 -> IFNB1 | N7: ='Plan de plaque en P96'!H33 -> VL1531_AVG | O7: ='Plan de plaque en P96'!I33 -> VL1910_ARD | P7: ='Plan de plaque en P96'!J33 -> VL1914_AVG | Q7: ='Plan de plaque en P96'!K33 -> VL1818_ARG | R7: ='Plan de plaque en P96'!L33 -> Échantillon_4=_Bvh1_Tinf_5h | S7: ='Plan de plaque en P96'!M33 -> Échantillon_12=_Bovis3_Tinf_5h
A8: ='Plan de plaque en P96'!B8 -> MIF | B8: ='Plan de plaque en P96'!C8 -> TGFB1 | C8: ='Plan de plaque en P96'!D8 -> TSLP | D8: ='Plan de plaque en P96'!E8 -> DEFB5 | E8: ='Plan de plaque en P96'!F8 -> LAP | F8: ='Plan de plaque en P96'!G8 -> MMP9 | N8: ='Plan de plaque en P96'!B34 -> VL7186_ARD | O8: ='Plan de plaque en P96'!C34 -> VL9149_ARD | P8: ='Plan de plaque en P96'!D34 -> VL9148_ARD | Q8: ='Plan de plaque en P96'!E34 -> VL8324_AVD | R8: ='Plan de plaque en P96'!F34 -> VL1124_AVD | S8: ='Plan de plaque en P96'!G34 -> VL1744_AVG
A9: ='Plan de plaque en P96'!H8 -> MUC1 | B9: ='Plan de plaque en P96'!I8 -> S100A8 | C9: ='Plan de plaque en P96'!J8 -> S100A9 | D9: ='Plan de plaque en P96'!K8 -> SAA3 | E9: ='Plan de plaque en P96'!L8 -> TAP | F9: ='Plan de plaque en P96'!M8 -> CASP1 | N9: ='Plan de plaque en P96'!H34 -> VL1814_ARD | O9: ='Plan de plaque en P96'!I34 -> VL1916_AVD | P9: ='Plan de plaque en P96'!J34 -> VL1744_AVG | Q9: ='Plan de plaque en P96'!K34 -> VL1815_AVD | R9: ='Plan de plaque en P96'!L34 -> Échantillon_5=_Bvh2_Tinf_5h | S9: ='Plan de plaque en P96'!M34 -> Échantillon_13=_Bovis1_Tinf_8h
A10: ='Plan de plaque en P96'!B9 -> CASP13 | B10: ='Plan de plaque en P96'!C9 -> CASP8 | C10: ='Plan de plaque en P96'!D9 -> NOS2 | D10: ='Plan de plaque en P96'!E9 -> IFNAR1 | E10: ='Plan de plaque en P96'!F9 -> ISG15 | F10: ='Plan de plaque en P96'!G9 -> MX1 | N10: ='Plan de plaque en P96'!B35 -> VL1076_AVD | O10: ='Plan de plaque en P96'!C35 -> VL7504_AVD | P10: ='Plan de plaque en P96'!D35 -> VL7501_AVG | Q10: ='Plan de plaque en P96'!E35 -> VL9089_AVD | R10: ='Plan de plaque en P96'!F35 -> VL9088_ARD | S10: ='Plan de plaque en P96'!G35 -> VL1913_AVD
A11: ='Plan de plaque en P96'!H9 -> OAS1Z | B11: ='Plan de plaque en P96'!I9 -> IFITM3 | C11: ='Plan de plaque en P96'!J9 -> IRF3 | D11: ='Plan de plaque en P96'!K9 -> NLRP3 | E11: ='Plan de plaque en P96'!L9 -> CCR1 | F11: ='Plan de plaque en P96'!M9 -> CD14 | N11: ='Plan de plaque en P96'!H35 -> VL1910_ARD | O11: ='Plan de plaque en P96'!I35 -> VL1921_ARD | P11: ='Plan de plaque en P96'!J35 -> VL1744_AVG | Q11: ='Plan de plaque en P96'!K35 -> VL1815_ARD | R11: ='Plan de plaque en P96'!L35 -> Échantillon_6=_Bvh3_Tinf_5h | S11: ='Plan de plaque en P96'!M35 -> Échantillon_14=_Bovis2_Tinf_8h
A12: ='Plan de plaque en P96'!B10 -> CLEC6A | B12: ='Plan de plaque en P96'!C10 -> COX-2 | C12: ='Plan de plaque en P96'!D10 -> ITGAM | D12: ='Plan de plaque en P96'!E10 -> TLR1 | E12: ='Plan de plaque en P96'!F10 -> TLR2 | F12: ='Plan de plaque en P96'!G10 -> TLR4 | N12: ='Plan de plaque en P96'!B36 -> VL1127_AVD | O12: ='Plan de plaque en P96'!C36 -> VL7186_ARD | P12: ='Plan de plaque en P96'!D36 -> VL1083_AVG | Q12: ='Plan de plaque en P96'!E36 -> VL8332_AVG | R12: ='Plan de plaque en P96'!F36 -> VL8324_AVD | S12: ='Plan de plaque en P96'!G36 -> VL1926_AVG
A13: ='Plan de plaque en P96'!H10 -> TLR6 | B13: ='Plan de plaque en P96'!I10 -> OCLN | C13: ='Plan de plaque en P96'!J10 -> CLDN1 | D13: ='Plan de plaque en P96'!K10 -> TJP1 | E13: ='Plan de plaque en P96'!L10 -> SOD2 | F13: ='Plan de plaque en P96'!M10 -> NCF1 | N13: ='Plan de plaque en P96'!H36 -> VL1916_AVD | O13: ='Plan de plaque en P96'!I36 -> VL1926_AVG | P13: ='Plan de plaque en P96'!J36 -> VL1744_AVG | Q13: ='Plan de plaque en P96'!K36 -> VL1743_AVG | R13: ='Plan de plaque en P96'!L36 -> Échantillon_7=_Bvh1_Tinf_8h | S13: ='Plan de plaque en P96'!M36 -> Échantillon_15=_Bovis3_Tinf_8h
A14: ='Plan de plaque en P96'!B11 -> IKZF1 | B14: ='Plan de plaque en P96'!C11 -> CAT | C14: ='Plan de plaque en P96'!D11 -> YWHAZ | D14: ='Plan de plaque en P96'!E11 -> CD80 | E14: ='Plan de plaque en P96'!F11 -> STAT1 | F14: ='Plan de plaque en P96'!G11 -> STAT2 | N14: ='Plan de plaque en P96'!B37 -> VL1064_ARG | O14: ='Plan de plaque en P96'!C37 -> VL1076_AVD | P14: ='Plan de plaque en P96'!D37 -> VL1101_ARD | Q14: ='Plan de plaque en P96'!E37 -> VL1096_AVD | R14: ='Plan de plaque en P96'!F37 -> VL9089_AVD | S14: ='Plan de plaque en P96'!G37 -> VL1914_AVG
A15: ='Plan de plaque en P96'!H11 -> STAT5A | B15: ='Plan de plaque en P96'!I11 -> IFNL3 | C15: ='Plan de plaque en P96'!J11 -> CD4 | D15: ='Plan de plaque en P96'!K11 -> CSN1S1 | E15: ='Plan de plaque en P96'!L11 -> CXCR4 | F15: ='Plan de plaque en P96'!M11 -> FAIM3 | N15: ='Plan de plaque en P96'!H37 -> VL1921_ARD | O15: ='Plan de plaque en P96'!I37 -> VL1926_AVG | P15: ='Plan de plaque en P96'!J37 -> VL1517_AVD | Q15: ='Plan de plaque en P96'!K37 -> VL1743_ARD | R15: ='Plan de plaque en P96'!L37 -> Échantillon_8=_Bvh2_Tinf_8h | S15: ='Plan de plaque en P96'!M37 -> Échantillon_16=_Bovis1_Tinf_24h
A16: ='Plan de plaque en P96'!B12 -> FAS | B16: ='Plan de plaque en P96'!C12 -> LCN2 | C16: ='Plan de plaque en P96'!D12 -> SPI1 | D16: ='Plan de plaque en P96'!E12 -> ZBTB11 | E16: ='Plan de plaque en P96'!F12 -> AOAH | F16: ='Plan de plaque en P96'!G12 -> SOCS3 | N16: ='Plan de plaque en P96'!B38 -> VL1063_AVG | O16: ='Plan de plaque en P96'!C38 -> VL1127_AVD | P16: ='Plan de plaque en P96'!D38 -> VL1095_ARG | Q16: ='Plan de plaque en P96'!E38 -> VL1083_AVG | R16: ='Plan de plaque en P96'!F38 -> VL8332_AVG | S16: ='Plan de plaque en P96'!G38 -> VL1744_AVG
A17: ='Plan de plaque en P96'!H12 -> OASL | B17: ='Plan de plaque en P96'!I12 -> ABCG2 | C17: ='Plan de plaque en P96'!J12 -> Bax | D17: ='Plan de plaque en P96'!K12 -> CD36 | E17: ='Plan de plaque en P96'!L12 -> CDH1 | F17: ='Plan de plaque en P96'!M12 -> CSN3 | N17: ='Plan de plaque en P96'!H38 -> VL2011_AVG | O17: ='Plan de plaque en P96'!I38 -> VL1926_AVG | P17: ='Plan de plaque en P96'!J38 -> VL1517_AVG | Q17: ='Plan de plaque en P96'!K38 -> Échantillon_1_=_Mock_Tinf_5h | R17: ='Plan de plaque en P96'!L38 -> Échantillon_9=_Bvh3_Tinf_8h | S17: ='Plan de plaque en P96'!M38 -> Échantillon_17=_Bovis2_Tinf_24h
A18: ='Plan de plaque en P96'!B13 -> GPX1 | B18: ='Plan de plaque en P96'!C13 -> HSPA8 | C18: ='Plan de plaque en P96'!D13 -> LPL | D18: ='Plan de plaque en P96'!E13 -> NRF2 | E18: ='Plan de plaque en P96'!F13 -> RIP1 | F18: ='Plan de plaque en P96'!G13 -> RPL19 | N18: ='Plan de plaque en P96'!B39 -> VL1145_ARD | O18: ='Plan de plaque en P96'!C39 -> VL1064_ARG | P18: ='Plan de plaque en P96'!D39 -> VL9045_AVD | Q18: ='Plan de plaque en P96'!E39 -> VL1101_ARD | R18: ='Plan de plaque en P96'!F39 -> VL1096_AVD | S18: ='Plan de plaque en P96'!G39 -> VL1913_AVD
A19: ='Plan de plaque en P96'!H13 -> RPLP0 | B19: ='Plan de plaque en P96'!I13 -> SIRT1 | C19: ='Plan de plaque en P96'!J13 -> SOD1 | D19: ='Plan de plaque en P96'!K13 -> TXNRD1 | E19: ='Plan de plaque en P96'!L13 -> UPA | F19: ='Plan de plaque en P96'!M13 -> H2O | N19: ='Plan de plaque en P96'!H39 -> VL1531_AVG | O19: ='Plan de plaque en P96'!I39 -> VL1914_AVG | P19: ='Plan de plaque en P96'!J39 -> VL1717_ARG | Q19: ='Plan de plaque en P96'!K39 -> Échantillon_2=_Mock_Tinf_8h | R19: ='Plan de plaque en P96'!L39 -> Échantillon_10=_Bovis1_Tinf_5h | S19: ='Plan de plaque en P96'!M39 -> Échantillon_18=_Bovis3_Tinf_24h
